date,storage_mcm,pct,inflow_mcm,outflow_mcm,rain_mm,rain_cum,spill_service_cms,spill_emergency_cms,power_cms,canal_right_cms,canal_left_cms,format,file
2025-03-15,234.455,88.47,0.053392,1.397,0.0,0.0,,,,,,infographic,1176672361135592.jpg
2025-03-17,231.846,87.49,,1.462,0.0,0.0,,,,,,infographic,1178270837642411.jpg
2025-03-19,228.7,86.3,0.051143,1.623,0.0,14.0,0.0,0.0,19.0,7.0,2.0,infographic,1180093050793523.jpg
2025-03-20,227.128,85.71,0.051414,1.623,0.0,14.0,0.0,0.0,19.0,7.0,2.0,infographic,1181045327364962.jpg
2025-03-21,225.505,85.1,0.047645,1.67,0.0,14.0,0.0,0.0,15.0,2.5,2.0,infographic,1182021887267306.jpg
2025-03-24,221.309,83.51,0.051858,1.547,0.0,14.0,0.0,0.0,15.0,2.5,2.0,infographic,1185006303635531.jpg
2025-03-27,216.326,81.63,0.046518,1.709,0.0,14.0,0.0,0.0,15.0,2.5,2.0,infographic,1187795580023270.jpg
2025-03-28,214.666,81.01,0.048519,1.709,0.0,14.0,0.0,,15.0,2.5,20.0,infographic,1189108049892023.jpg
2025-03-29,213.233,80.47,0.049199,1.482,0.0,14.0,0.0,0.0,15.0,0.0,0.0,infographic,1189692636500231.jpg
2025-03-31,210.469,79.42,0.05115,1.546,0.0,14.0,0.0,0.0,15.0,2.5,2.0,infographic,1191637036305791.jpg
2025-04-01,208.808,78.8,0.047922,1.708,0.0,14.0,0.0,0.0,15.0,2.5,2.0,infographic,1192699459532882.jpg
2025-04-02,207.148,78.17,0.047775,1.708,0.0,14.0,0.0,0.0,15.0,2.5,2.0,infographic,1193756666093828.jpg
2025-04-03,205.486,77.54,0.046699,1.708,0.0,14.0,0.0,0.0,15.0,2.5,2.0,infographic,1194894182646743.jpg
2025-04-03,205.486,77.54,0.046699,1.708,0.0,14.0,0.0,0.0,15.0,2.5,2.0,infographic,1194943519308476.jpg
2025-04-04,203.774,76.9,0.042955,1.754,0.0,14.0,0.0,0.0,16.0,2.5,2.0,infographic,1196072012528960.jpg
2025-04-05,202.253,76.32,0.04642,1.567,0.0,14.0,0.0,0.0,16.0,0.0,0.0,infographic,1197140095755485.jpg
2025-04-08,197.423,74.5,0.062249,1.837,0.2,14.2,0.0,0.0,17.0,2.5,1.5,infographic,1200094098793418.jpg
2025-04-09,195.611,73.82,0.042639,1.854,0.0,14.2,0.0,0.0,17.0,2.8,1.5,infographic,1201062685363226.jpg
2025-04-10,193.505,73.02,,2.155,0.0,14.2,0.0,0.0,17.0,2.8,20.0,infographic,1202159808586847.jpg
2025-04-11,191.642,72.32,0.042472,1.905,0.0,14.2,0.0,0.0,17.0,2.8,20.0,infographic,1203098621826299.jpg
2025-04-12,189.777,71.61,0.04031,1.905,0.0,14.2,0.0,,17.0,2.8,20.0,infographic,1204627731673388.jpg
2025-04-14,186.051,70.21,0.041387,1.905,18.4,32.6,0.0,0.0,17.0,2.8,20.0,infographic,1206292421506919.jpg
2025-04-15,184.39,69.58,0.044757,1.705,0.0,,0.0,0.0,14.0,2.8,20.0,infographic,1207367424732752.jpg
2025-04-17,181.196,68.38,0.048487,1.645,0.0,,0.0,0.0,14.0,2.8,20.0,infographic,1209282271207934.jpg
2025-04-19,178.102,67.21,0.044297,1.489,26.0,35.2,0.0,,15.0,0.0,0.0,infographic,1211140377688790.jpg
2025-04-21,175.343,66.17,0.042777,1.533,0.0,,0.0,0.0,15.0,2.8,1.5,infographic,1212747777528050.jpg
2025-04-22,173.7,65.55,0.045333,1.688,0.0,,0.0,0.0,15.0,2.8,1.5,infographic,1214555120680649.jpg
2025-04-23,172.057,64.93,0.045187,1.688,0.0,,0.0,0.0,15.0,2.8,1.5,infographic,1214555544013940.jpg
2025-04-24,170.414,64.31,0.04503,1.688,0.0,,0.0,0.0,15.0,2.8,1.5,infographic,1215712797231548.jpg
2025-04-25,168.862,63.72,0.042294,1.594,0.0,,0.0,0.0,13.0,2.8,1.5,infographic,1217519310384230.jpg
2025-04-26,167.609,63.25,0.045255,1.298,0.0,,0.0,0.0,13.0,0.0,0.0,infographic,1217551950380966.jpg
2025-04-28,165.195,62.34,0.047958,1.359,15.6,50.8,0.0,0.0,13.0,2.8,1.5,infographic,1220384993430995.jpg
2025-04-29,163.722,61.78,0.041622,1.514,24.0,53.2,0.0,0.0,13.0,2.8,1.5,infographic,1220386440097517.jpg
2025-04-30,162.29,61.24,,1.474,0.0,53.2,0.0,0.0,13.0,2.8,1.0,infographic,1222291499907011.jpg
2025-05-01,161.007,60.76,0.047775,1.33,,62.8,0.0,0.0,10.0,2.8,,infographic,1222292749906886.jpg
2025-05-02,159.845,60.32,0.049877,1.211,6.4,69.2,0.0,0.0,10.0,2.8,,infographic,1223338143135680.jpg
2025-05-03,158.954,59.98,0.043594,0.934,3.8,73.0,,0.0,10.0,0.0,0.0,infographic,1224451449691016.jpg
2025-05-05,157.15,59.3,,1.059,0.0,74.8,0.0,0.0,10.0,2.5,1.0,infographic,1225994026203425.jpg
2025-05-06,156.068,58.89,0.078612,1.16,0.0,74.8,0.0,0.0,10.0,2.0,1.0,infographic,1226818239454337.jpg
2025-05-07,155.027,58.5,0.141243,1.142,0.0,74.8,0.0,0.0,10.0,2.0,1.0,infographic,1227605169375644.jpg
2025-05-09,153.023,57.74,0.14006,1.142,0.0,74.8,0.0,0.0,10.0,2.0,1.0,infographic,1229284545874373.jpg
2025-05-13,149.316,56.35,0.089802,1.141,28.0,77.6,0.0,0.0,10.0,2.0,1.0,infographic,1232576112211883.jpg
2025-05-14,148.254,55.94,0.080028,1.141,78.0,85.4,0.0,0.0,10.0,2.0,1.0,infographic,1233438088792352.jpg
2025-05-15,147.313,55.59,0.10662,1.048,31.6,117.0,,0.0,8.0,2.0,2.0,infographic,1234175172051977.jpg
2025-05-16,146.712,55.36,0.216565,0.817,17.6,134.6,,0.0,8.0,0.0,2.0,infographic,1235087048627456.jpg
2025-05-17,146.511,55.29,0.508547,0.709,,137.4,,0.0,8.0,0.0,2.0,infographic,1235741465228681.jpg
2025-05-19,149.116,56.27,2.011783,0.709,13.4,208.0,,0.0,8.0,0.0,2.0,infographic,1237305598405601.jpg
2025-05-20,149.717,56.5,1.310838,0.709,,220.2,,0.0,8.0,0.0,2.0,infographic,1238089438327217.jpg
2025-05-21,149.917,56.57,,0.709,0.0,220.2,,0.0,8.0,0.0,2.0,infographic,1238930134909814.jpg
2025-05-22,149.717,56.5,0.509838,0.709,0.0,220.2,,0.0,8.0,0.0,2.0,infographic,1239834741486020.jpg
2025-05-23,151.12,57.03,1.972565,0.569,,,,0.0,5.0,0.0,2.0,infographic,1240719911397503.jpg
2025-05-24,153.324,57.86,2.654887,0.45,17.2,,,0.0,5.0,0.0,2.0,infographic,1241524761317018.jpg
2025-05-24,153.324,57.86,2.654887,0.45,17.2,,,0.0,5.0,0.0,2.0,infographic,1241778647958296.jpg
2025-05-26,159.535,60.2,4.05853,0.451,29.2,26.0,,0.0,5.0,0.0,2.0,infographic,1243090787827082.jpg
2025-05-27,162.44,61.3,3.0,0.451,13.4,39.4,,0.0,5.0,0.0,2.0,infographic,1243914904411337.jpg
2025-05-28,163.642,61.75,1.653902,0.451,,,,0.0,5.0,0.0,2.0,infographic,1244725577663603.jpg
2025-05-29,164.544,62.09,1.479984,0.577,0.2,45.2,,,5.0,2.5,0.0,infographic,1245682580901236.jpg
2025-05-31,164.844,62.21,0.66801,0.688,0.4,51.4,,,5.0,2.5,0.0,infographic,1247368704065957.jpg
2025-06-03,164.544,62.09,0.541984,0.541,1.4,53.4,3.0,,10.0,0.0,0.0,infographic,1249851510484343.jpg
2025-06-04,163.943,61.87,0.26493,0.865,13.0,366.4,,0.0,10.0,,0.0,infographic,1250689983733829.jpg
2025-06-05,163.241,61.6,0.181865,0.883,0.0,366.4,,0.0,10.0,,0.0,infographic,1251611803641647.jpg
2025-06-06,162.64,61.37,0.282812,0.883,0.0,366.4,,0.0,10.0,,0.0,infographic,1252413203561507.jpg
2025-06-07,161.939,61.11,0.182748,0.883,0.0,366.4,,0.0,10.0,,0.0,infographic,1253224916813669.jpg
2025-06-09,160.537,60.58,0.18262,0.883,0.0,66.4,,0.0,10.0,,0.0,infographic,1254882289981265.jpg
2025-06-10,159.835,60.32,,0.883,,73.4,,0.0,10.0,,0.0,infographic,1255739586562202.jpg
2025-06-11,150.735,56.88,0.178747,0.278,0.0,73.4,,0.0,3.0,,,infographic,1256618979807596.jpg
2025-06-12,160.336,60.5,1.005802,0.404,28.6,,6.0,,,3.0,2.0,infographic,1257447789724715.jpg
2025-06-13,160.837,60.69,0.995848,0.494,0.0,,6.0,,,3.0,2.0,infographic,1258264489643045.jpg
2025-06-16,162.44,61.3,0.751593,0.651,10.2,1440.2,0.0,0.0,3.0,2.5,20.0,infographic,1260867969382697.jpg
2025-06-17,162.54,61.34,,0.667,5.2,445.4,0.0,0.0,3.0,2.5,2.0,infographic,1261756069293887.jpg
2025-06-18,163.843,61.83,1.97092,0.667,34.0,479.4,0.0,0.0,3.0,2.5,2.0,infographic,1262606199208874.jpg
2025-06-19,165.946,62.62,2.771112,0.668,4.2,483.6,0.0,0.0,3.0,2.5,2.0,infographic,1263504615785699.jpg
2025-06-20,167.349,63.15,2.071239,0.668,0.0,483.6,0.0,0.0,3.0,2.5,2.0,infographic,1264318675704293.jpg
2025-06-23,168.651,63.64,1.169,0.668,22.2,,0.0,0.0,3.0,2.5,2.0,infographic,1266709098798584.jpg
2025-06-24,171.256,64.62,3.273593,0.668,24.8,530.6,0.0,0.0,3.0,2.5,2.0,infographic,1267581482044679.jpg
2025-06-25,172.658,65.15,2.07,0.668,0.0,530.6,0.0,0.0,3.0,2.5,2.0,infographic,1268506378618856.jpg
2025-06-26,173.36,65.42,1.370785,0.668,0.0,530.6,0.0,0.0,3.0,2.5,2.0,infographic,1269357651867062.jpg
2025-06-27,173.36,65.42,0.668785,0.668,0.2,530.8,0.0,0.0,3.0,2.5,2.0,infographic,1270283181774509.jpg
2025-06-28,173.46,65.46,0.768792,0.668,8.2,539.0,0.0,0.0,8.0,2.5,2.0,infographic,1271200515016109.jpg
2025-06-30,172.658,65.15,0.69972,1.101,8.8,,0.0,0.0,8.0,2.5,2.0,infographic,1272795654856595.jpg
2025-07-02,171.857,64.85,0.927368,1.227,12.8,566.0,0.0,0.0,10.0,2.5,1.8,infographic,1274596904676470.jpg
2025-07-03,171.156,64.59,0.555104,1.256,0.4,566.4,0.0,0.0,10.0,2.5,1.8,infographic,1275460287923465.jpg
2025-07-07,168.651,63.64,0.954877,1.256,11.2,583.6,0.0,0.0,10.0,2.5,1.8,infographic,1279141774221983.jpg
2025-07-08,168.25,63.49,0.85484,1.256,4.2,587.8,0.0,0.0,10.0,2.5,1.8,infographic,1280078507461643.jpg
2025-07-09,167.85,63.34,0.855804,1.255,5.8,593.6,0.0,0.0,10.0,2.5,1.8,infographic,1280965860706241.jpg
2025-07-09,167.85,63.34,,1.255,5.8,593.6,0.0,0.0,10.0,2.5,1.8,infographic,1281478153988345.jpg
2025-07-10,167.249,63.11,0.65475,1.255,2.6,596.2,0.0,0.0,10.0,2.5,1.8,infographic,1281826980620129.jpg
2025-07-11,166.447,62.81,0.453677,1.255,5.8,602.0,0.0,0.0,10.0,2.5,1.8,infographic,1282697257199768.jpg
2025-07-12,166.447,62.81,1.255677,1.255,9.8,611.8,0.0,0.0,10.0,2.5,1.8,infographic,1283499623786198.jpg
2025-07-13,167.549,63.23,2.357775,1.255,3.6,,0.0,0.0,10.0,2.5,1.8,infographic,1284403083695852.jpg
2025-07-14,167.85,63.34,1.556,1.255,5.6,621.0,0.0,0.0,10.0,2.5,1.8,infographic,1285163753619785.jpg
2025-07-15,167.249,63.11,0.65475,1.255,0.0,,0.0,0.0,10.0,2.5,1.8,infographic,1286038166865677.jpg
2025-07-16,169.052,63.79,3.05887,1.255,20.0,,0.0,0.0,10.0,2.5,1.8,infographic,1286884806781013.jpg
2025-07-17,174.161,65.72,5.474,0.365,31.6,,0.0,0.0,0.0,1.5,1.1,infographic,1287722223363938.jpg
2025-07-18,176.999,66.79,3.08375,0.245,1.0,673.6,0.0,0.0,30.0,1.5,1.1,infographic,1288559423280218.jpg
2025-07-18,176.999,66.79,3.08375,0.245,1.0,673.6,0.0,0.0,30.0,1.5,1.1,infographic,1288910443245116.jpg
2025-07-19,175.3864,66.18,1.650092,2.785,4.0,677.6,0.0,0.0,20.0,2.2,1.1,infographic,1289452139857613.jpg
2025-07-20,173.159,65.34,0.983805,3.688,0.0,677.6,0.0,0.0,20.0,2.2,1.8,infographic,1290225666446927.jpg
2025-07-21,170.254,64.25,0.917102,3.822,0.0,677.6,0.0,0.0,20.0,2.2,1.8,infographic,1291037056365788.jpg
2025-07-22,166.848,62.96,0.415792,3.821,0.2,677.8,0.0,0.0,20.0,2.2,1.8,infographic,1291941636275330.jpg
2025-07-22,166.848,62.96,0.415792,3.821,0.2,677.8,0.0,0.0,20.0,2.2,1.8,infographic,1292392396230254.jpg
2025-07-23,164.143,61.94,1.116548,3.821,33.6,711.4,0.0,0.0,20.0,2.2,1.8,infographic,1292827412853419.jpg
2025-07-24,185.113,69.85,21.0275,0.057,49.0,760.4,0.0,0.0,0.0,0.0,0.0,infographic,1293758999426927.jpg
2025-07-25,200.58,75.69,15.49,0.002,0.6,761.0,0.0,0.0,0.0,0.0,0.0,infographic,1294512732684887.jpg
2025-07-25,200.58,75.69,15.49,0.002,0.6,761.0,0.0,0.0,0.0,0.0,0.0,infographic,1294797819323045.jpg
2025-07-26,203.496,76.79,4.924163,2.008,5.0,766.0,0.0,,20.0,2.2,1.5,infographic,1295375735931920.jpg
2025-07-27,202.608,76.46,2.935,3.823,0.0,,0.0,0.0,20.0,2.5,1.5,infographic,1296274132508747.jpg
2025-07-28,201.594,76.07,2.81,3.824,22.6,788.6,0.0,0.0,20.0,2.5,1.5,infographic,1297071582429002.jpg
2025-07-29,206.891,78.07,6.654,3.357,10.0,798.6,0.0,0.0,20.0,2.5,1.5,infographic,1297945812341579.jpg
2025-07-29,206.891,78.07,6.654,3.357,10.0,798.6,0.0,0.0,20.0,2.5,1.5,infographic,1298206165648877.jpg
2025-07-30,209.962,79.23,8.716,3.645,34.8,823.4,0.0,0.0,20.0,25.0,1.5,infographic,1299029782233182.jpg
2025-07-31,213.512,80.57,6.673,3.123,12.2,8.0,0.0,0.0,20.0,2.5,1.1,infographic,1299652272170933.jpg
2025-07-31,213.512,80.57,6.673,3.123,12.2,8.0,0.0,0.0,20.0,2.5,1.1,infographic,1300069345462559.jpg
2025-08-01,213.512,80.57,3.819,3.819,0.2,8.0,0.0,0.0,20.0,,1.1,infographic,1301446018658225.jpg
2025-08-03,209.328,78.99,1.381,3.79,0.0,,0.0,0.0,20.0,,1.1,infographic,1302254705244023.jpg
2025-08-04,206.665,77.99,1.218,3.881,0.0,,0.0,0.0,20.0,,2.0,infographic,1303135235155970.jpg
2025-08-05,203.496,76.79,0.724,3.893,0.0,,0.0,0.0,20.0,,2.0,infographic,1304092288393598.jpg
2025-08-06,200.453,75.64,0.709,3.752,0.0,,0.0,0.0,20.0,0.0,2.0,infographic,1304994044970089.jpg
2025-08-06,200.453,75.64,0.709,3.752,0.0,,0.0,0.0,20.0,0.0,2.0,infographic,1305428291593331.jpg
2025-08-07,197.791,74.64,0.989,3.651,17.8,8.0,0.0,0.0,20.0,0.0,2.0,infographic,1305859424883551.jpg
2025-08-08,195.636,73.82,1.637,3.792,0.0,8.0,0.0,0.0,20.0,,2.0,infographic,1306960191440141.jpg
2025-08-09,193.987,73.2,2.244,3.893,0.6,850.2,0.0,0.0,20.0,,2.0,infographic,1307677898035037.jpg
2025-08-10,190.691,71.96,0.596,3.892,0.6,850.2,0.0,0.0,20.0,,2.0,infographic,1308576907945136.jpg
2025-08-11,187.141,70.62,0.342,3.892,1.2,,0.0,0.0,20.0,,2.0,infographic,1309444787858348.jpg
2025-08-12,183.845,69.38,0.596,3.892,7.0,,0.0,0.0,20.0,,2.0,infographic,1310212031114957.jpg
2025-08-13,182.704,68.94,2.751,3.892,13.4,8.0,0.0,0.0,20.0,,2.0,infographic,1311143631021797.jpg
2025-08-14,181.436,68.47,2.624,3.892,57.2,,0.0,0.0,20.0,,2.0,infographic,1311987797604047.jpg
2025-08-15,178.901,67.51,1.356,3.891,0.0,,0.0,0.0,20.0,,2.0,infographic,1312919620844198.jpg
2025-08-16,177.633,67.03,1.039,2.307,1.0,,0.0,0.0,20.0,,2.0,infographic,1313860270750133.jpg
2025-08-18,179.154,67.61,2.345,1.204,25.8,,0.0,0.0,10.0,,1.1,infographic,1315610667241760.jpg
2025-08-19,180.295,68.04,2.311,1.17,0.0,,0.0,0.0,10.0,,1.1,infographic,1316488297153997.jpg
2025-08-20,180.802,68.23,1.511,1.004,0.0,,0.0,0.0,10.0,0.0,0.0,infographic,1317376937065133.jpg
2025-08-21,180.99,68.3,1.073,0.885,0.0,,0.0,0.0,10.0,0.0,0.0,infographic,1318302790305881.jpg
2025-08-22,181.436,68.47,1.573,1.127,16.0,1.006,0.0,0.0,10.0,,2.0,infographic,1319193736883453.jpg
2025-08-23,182.577,68.9,2.952,1.811,17.8,1.024,0.0,0.0,10.0,,2.0,infographic,1320080183461475.jpg
2025-08-24,182.07,68.71,2.953,3.46,25.2,1049.8,0.0,0.0,10.0,,2.0,infographic,1320931046709722.jpg
2025-08-25,180.802,68.23,2.624,3.892,0.2,1050.0,0.0,0.0,10.0,,2.0,infographic,1321749499961210.jpg
2025-08-27,179.535,67.75,4.249,3.615,43.8,1095.6,0.0,0.0,10.0,0.0,0.0,infographic,1323606663108827.jpg
2025-08-28,186.381,70.33,8.056,1.21,82.0,1177.6,0.0,0.0,0.0,0.0,0.0,infographic,1324521606350666.jpg
2025-08-29,194.241,73.3,8.746,0.886,3.0,1180.6,0.0,0.0,0.0,0.0,0.0,infographic,1325404889595671.jpg
2025-08-30,197.537,74.54,4.325,1.029,0.0,,0.0,0.0,0.0,,0.0,infographic,1326335056169321.jpg
2025-09-01,198.678,74.97,2.066,1.94,7.0,1183.4,0.0,0.0,10.0,,0.0,infographic,1327838366018990.jpg
2025-09-02,200.2,75.55,2.753,1.231,7.4,1195.8,0.0,0.0,10.0,,1.5,infographic,1328690415933785.jpg
2025-09-03,201.594,76.07,1.982,0.588,0.0,1195.8,0.0,0.0,5.0,0.0,0.0,infographic,1329541099182050.jpg
2025-09-04,202.735,76.5,1.596,0.455,0.0,1195.8,0.0,0.0,5.0,0.0,0.0,infographic,1330414169094743.jpg
2025-09-05,203.876,76.93,1.813,0.672,0.0,1195.8,0.0,0.0,5.0,,1.8,infographic,1331350895667737.jpg
2025-09-06,204.637,77.22,1.587,0.826,0.0,1195.8,0.0,0.0,5.0,,1.8,infographic,1332251178911042.jpg
2025-09-08,207.426,78.27,2.601,0.826,0.2,1198.4,0.0,0.0,5.0,,1.8,infographic,1333858122083681.jpg
2025-09-09,208.44,78.66,1.697,0.683,7.8,1206.2,0.0,0.0,3.0,,1.8,infographic,1334722691997224.jpg
2025-09-09,208.44,78.66,1.697,0.683,7.8,1206.2,0.0,0.0,3.0,,1.8,infographic,1334990111970482.jpg
2025-09-10,209.581,79.09,1.578,0.437,0.0,,0.0,0.0,3.0,0.0,0.0,infographic,1335699675232859.jpg
2025-09-11,211.863,79.95,2.565,0.283,7.8,,0.0,0.0,3.0,0.0,0.0,infographic,1336569191812574.jpg
2025-09-12,214.526,80.95,3.163,0.5,2.6,,0.0,0.0,3.0,,1.8,infographic,1337465191722974.jpg
2025-09-13,216.935,81.86,3.064,0.655,0.0,,0.0,0.0,3.0,,1.8,infographic,1338451351624358.jpg
2025-09-14,218.329,82.39,2.04,0.646,0.0,,0.0,0.0,3.0,,1.8,infographic,1339234738212686.jpg
2025-09-15,219.597,82.87,1.923,0.655,1.2,1217.8,0.0,0.0,3.0,,1.8,infographic,1340060568130103.jpg
2025-09-16,220.611,83.25,1.669,0.655,1.4,,0.0,0.0,3.0,,1.8,infographic,1340959381373555.jpg
2025-09-17,221.499,83.58,1.326,0.438,0.0,,0.0,0.0,3.0,0.0,0.0,infographic,1341859841283509.jpg
2025-09-19,223.147,84.21,1.149,0.515,0.6,,0.0,0.0,3.0,,1.8,infographic,1343729261096567.jpg
2025-09-20,223.654,84.4,1.188,0.681,1.2,1221.0,0.0,0.0,3.0,,1.8,infographic,1344848124318014.jpg
2025-09-22,227.457,85.83,2.33,0.682,14.0,,0.0,0.0,3.0,,1.8,infographic,1346482064154620.jpg
2025-09-23,229.359,86.55,2.96,1.058,32.0,,0.0,0.0,10.0,,1.2,infographic,1347430157393144.jpg
2025-09-28,205.741,77.64,4.445,0.454,0.2,1374.4,0.0,0.0,0.0,,1.2,infographic,1351940586942101.jpg
2025-10-01,248.235,93.67,2.92,0.592,,,,,,,,slide,1354760399993453.jpg
2025-10-02,251.394,94.87,3.618,0.459,10.0,1404.0,0.0,0.0,5.0,0.0,0.0,infographic,1355715229897970.jpg
2025-10-02,251.394,94.87,3.618,,,,,,,,,slide,1355715266564633.jpg
2025-10-03,255.218,96.31,4.49,0.666,0.2,1404.2,0.0,0.0,5.0,1.5,2.6,infographic,1356684273134399.jpg
2025-10-03,255.218,96.31,4.49,,,,,,,,,slide,1356684363134390.jpg
2025-10-04,259.209,97.81,4.805,0.814,9.0,,0.0,0.0,5.0,,2.6,infographic,1357719983030828.jpg
2025-10-04,259.209,97.81,4.805,0.814,9.0,,0.0,0.0,5.0,,2.6,infographic,1357722086363951.jpg
2025-10-05,260.871,98.44,2.855,1.193,0.0,,0.0,0.0,10.0,1.5,2.6,infographic,1358626829606810.jpg
2025-10-05,260.871,98.44,2.855,,,,,,,,,slide,1358626879606805.jpg
2025-10-06,261.869,98.82,2.245,1.247,0.0,,0.0,0.0,10.0,1.5,2.6,infographic,1359511882851638.jpg
2025-10-06,261.869,98.82,2.245,,,,,,,,,slide,1359511909518302.jpg
2025-10-07,262.867,99.2,1.831,0.833,0.0,,0.0,0.0,5.0,1.5,2.6,infographic,1360539652748861.jpg
2025-10-07,262.867,99.2,1.831,0.833,,,,,,,,slide,1360539679415525.jpg
2025-10-08,264.03,99.63,1.978,0.815,1.0,,0.0,0.0,5.0,1.5,2.6,infographic,1361532149316278.jpg
2025-10-08,264.03,99.63,1.978,,,,,,,,,slide,1361532215982938.jpg
2025-10-09,265.194,100.07,1.64,0.476,4.8,1419.0,0.0,0.0,5.0,0.0,0.0,infographic,1362535349215958.jpg
2025-10-09,265.194,100.07,1.64,,,,,,,,,slide,1362535379215955.jpg
2025-10-10,266.358,100.51,1.827,0.663,0.0,1419.0,0.0,0.0,5.0,1.5,2.5,infographic,1363617125774447.jpg
2025-10-10,266.358,100.51,1.827,,,,,,,,,slide,1363617172441109.jpg
2025-10-11,267.023,100.76,1.472,0.807,0.0,1419.0,0.0,0.0,5.0,1.5,2.5,infographic,1364653779004115.jpg
2025-10-11,267.023,100.76,1.472,,,,,,,,,slide,1364653819004111.jpg
2025-10-12,267.522,100.95,1.305,0.807,0.0,1419.0,0.0,0.0,5.0,1.5,2.5,infographic,1365679742234852.jpg
2025-10-12,267.522,100.95,1.305,,,,,,,,,slide,1365679792234847.jpg
2025-10-13,268.52,101.33,1.805,0.807,0.0,1419.0,0.0,0.0,5.0,1.5,2.5,infographic,1366588045477355.jpg
2025-10-13,268.52,101.33,1.805,,,,,,,,,slide,1366588072144019.jpg
2025-10-14,269.019,101.52,1.306,0.807,1.6,,0.0,0.0,5.0,1.5,2.5,infographic,1367630315373128.jpg
2025-10-14,269.019,101.52,1.306,,,,,,,,,slide,1367630352039791.jpg
2025-10-15,270.182,101.96,1.768,0.605,10.4,1431.0,0.0,0.0,5.0,0.0,0.0,infographic,1368524081950418.jpg
2025-10-15,270.182,101.96,1.768,,,,,,,,,slide,1368524111950415.jpg
2025-10-16,273.175,103.08,3.455,0.462,12.8,,0.0,0.0,5.0,0.0,0.0,infographic,1369494838520009.jpg
2025-10-16,273.175,103.08,3.455,,,,,,,,,slide,1369494881853338.jpg
2025-10-17,275.171,103.84,2.66,,,,,,,,,slide,1370345508434942.jpg
2025-10-18,276.833,104.47,2.47,0.808,2.2,1446.0,0.0,0.0,5.0,,1.5,infographic,1371256421677184.jpg
2025-10-18,276.833,104.47,2.47,,,,,,,,,slide,1371256461677180.jpg
2025-10-19,277.831,104.84,1.806,,,,,,,,,slide,1372161494920010.jpg
2025-10-20,278.496,105.09,1.473,0.808,0.0,1446.0,0.0,0.0,5.0,,1.5,infographic,1373028931499933.jpg
2025-10-20,278.496,105.09,1.473,,,,,,,,,slide,1373028971499929.jpg
2025-10-21,279.161,105.34,1.473,0.808,0.0,1446.0,0.0,0.0,5.0,,1.5,infographic,1373982424737917.jpg
2025-10-21,279.161,105.34,1.473,,,,,,,,,slide,1373982461404580.jpg
2025-10-22,279.327,105.41,1.114,,,,,,,,,slide,1374916401311186.jpg
2025-10-23,279.494,105.47,1.061,,,,,,,,,slide,1375839287885564.jpg
2025-10-24,279.161,105.34,0.763,1.096,0.0,1446.0,0.0,0.0,10.0,,1.5,infographic,1376819181120908.jpg
2025-10-24,279.161,105.34,0.763,1.096,,,,,,,,slide,1376819217787571.jpg
2025-10-25,279.327,105.41,1.046,,,,,,,,,slide,1377798701022956.jpg
2025-10-27,219.826,82.95,0.939,0.607,0.0,1446.0,0.0,0.0,5.0,0.0,0.0,infographic,1379717457497747.jpg
2025-10-27,279.826,105.59,0.939,,,,,,,,,slide,1379717504164409.jpg
2025-10-28,219.826,82.95,0.823,0.823,0.0,1446.0,0.0,0.0,10.0,0.0,0.0,infographic,1380667857402707.jpg
2025-10-28,279.826,105.59,0.823,,,,,,,,,slide,1380667914069368.jpg
2025-10-29,279.327,105.41,0.755,,,,,,,,,slide,1381601740642652.jpg
2025-10-30,218.662,82.51,0.661,1.326,0.0,1446.0,0.0,0.0,15.0,0.0,0.0,infographic,1382417660561060.jpg
2025-10-30,278.662,105.16,0.661,,,,,,,,,slide,1382417723894387.jpg
2025-10-31,277.831,104.84,0.495,1.326,0.0,1446.0,0.0,0.0,15.0,0.0,0.0,infographic,1383260133810146.jpg
2025-10-31,277.831,104.84,0.495,,,,,,,,,slide,1383260177143475.jpg
2025-11-01,277.997,104.9,1.427,1.261,14.8,1460.8,0.0,0.0,10.0,,1.2,infographic,1384269830375843.jpg
2025-11-01,277.997,104.9,1.427,,,,,,,,,slide,1384269860375840.jpg
2025-11-02,278.828,105.22,2.279,,,,,,,,,slide,1385217253614434.jpg
2025-11-03,278.828,105.22,1.429,1.429,10.0,1477.4,0.0,0.0,15.0,0.0,0.0,infographic,1386160433520116.jpg
2025-11-03,278.828,105.22,1.429,,,,,,,,,slide,1386160473520112.jpg
2025-11-04,278.33,105.03,1.8,,,,,,,,,slide,1387144183421741.jpg
2025-11-05,276.833,104.47,1.181,,,,,,,,,slide,1388151523321007.jpg
2025-11-06,275.503,103.96,1.23,,,,,,,,,slide,1389115383224621.jpg
2025-11-07,273.674,103.27,0.854,,,,,,,,,slide,1390017609801065.jpg
2025-11-08,272.178,102.71,1.126,,,,,,,,,slide,1391083679694458.jpg
2025-11-09,270.681,102.14,1.123,,,,,,,,,slide,1391955296273963.jpg
2025-11-10,271.513,102.46,2.192,,,,,,,,,slide,1392925749510251.jpg
2025-11-11,273.009,103.02,2.012,0.516,,,,,,,,slide,1393907729412053.jpg
2025-11-12,273.84,103.34,1.293,,,,,,,,,slide,1394843545985138.jpg
2025-11-13,274.339,103.52,0.961,,,,,,,,,slide,1395775152558644.jpg
2025-11-14,274.838,103.71,0.961,,,,,,,,,slide,1396654285804064.jpg
2025-11-15,275.171,103.84,0.981,,,,,,,,,slide,1397571619045664.jpg
2025-11-17,275.503,103.96,0.57,,,,,,,,,slide,1399237825545710.jpg
2025-11-18,276.168,104.21,1.127,,,,,,,,,slide,1400121245457368.jpg
2025-11-19,276.999,104.53,1.293,,,,,,,,,slide,1400966285372864.jpg
2025-11-20,277.498,104.72,0.961,,,,,,,,,slide,1401814155288077.jpg
2025-11-21,277.997,104.9,0.961,,,,,,,,,slide,1402650688537757.jpg
2025-11-22,278.163,104.97,0.78,,,,,,,,,slide,1403657215103771.jpg
2025-11-23,278.163,104.97,0.722,,,,,,,,,slide,1404496665019826.jpg
2025-11-24,278.33,105.03,0.686,,,,,,,,,slide,1405380758264750.jpg
2025-11-25,278.496,105.09,0.628,,,,,,,,,slide,1406227028180123.jpg
2025-11-26,278.496,105.09,0.462,,,,,,,,,slide,1407118621424297.jpg
2025-11-27,278.828,105.22,0.686,,,,,,,,,slide,1407975251338634.jpg
2025-11-28,279.161,105.34,0.623,,,,,,,,,slide,1408797427923083.jpg
2025-11-29,279.161,105.34,0.57,0.57,,,,,,,,slide,1409584737844352.jpg
2025-11-30,278.995,105.28,0.568,,,,,,,,,slide,1410355254433967.jpg
2025-12-01,279.161,105.34,0.744,,,,,,,,,slide,1411134877689338.jpg
2025-12-02,279.327,105.41,0.704,0.538,,,,,,,,slide,1411940174275475.jpg
2025-12-03,279.327,105.41,0.549,0.549,0.0,,,,,,,slide,1412799190856240.jpg
2025-12-04,279.327,105.41,0.549,,,,,,,,,slide,1413624077440418.jpg
2025-12-05,279.161,105.34,0.383,,,,,,,,,slide,1414440480692111.jpg
2025-12-06,279.161,105.34,0.509,,,,,,,,,slide,1415259250610234.jpg
2025-12-07,278.995,105.28,0.357,,,,,,,,,slide,1416038127199013.jpg
2025-12-08,278.828,105.22,0.371,0.538,,,,,,,,slide,1416798587122967.jpg
2025-12-09,278.828,105.22,0.383,0.383,,,,,,,,slide,1417572087045617.jpg
2025-12-10,278.828,105.22,0.376,0.376,0.0,,,,,,,slide,1418437616959064.jpg
2025-12-11,278.828,105.22,0.376,,,,,,,,,slide,1419244980211661.jpg
2025-12-12,278.828,105.22,0.376,,,,,,,,,slide,1420097573459735.jpg
2025-12-13,278.662,105.16,0.253,,,,,,,,,slide,1420911513378341.jpg
2025-12-14,278.662,105.16,0.376,,,,,,,,,slide,1421665299969629.jpg
2025-12-15,278.662,105.16,0.376,,,,,,,,,slide,1422421129894046.jpg
2025-12-16,278.662,105.16,0.376,,,,,,,,,slide,1423297563139736.jpg
2025-12-17,278.662,105.16,0.376,,,,,,,,,slide,1424066529729506.jpg
2025-12-18,278.662,105.16,0.376,,,,,,,,,slide,1424863089649850.jpg
2025-12-19,278.662,105.16,0.376,,,,,,,,,slide,1425678069568352.jpg
2025-12-20,278.496,105.09,0.235,,,,,,,,,slide,1426599852809507.jpg
2025-12-21,278.33,105.03,0.253,,,,,,,,,slide,1427394962729996.jpg
2025-12-22,278.163,104.97,0.227,,,,,,,,,slide,1428178305984995.jpg
2025-12-23,278.163,104.97,0.376,,,,,,,,,slide,1428995659236593.jpg
2025-12-23,278.163,104.97,0.376,,,,,,,,,slide,1429367282532764.jpg
2025-12-24,278.163,104.97,0.376,0.376,0.0,,,,,,,slide,1429758352493657.jpg
2025-12-25,278.163,104.97,0.376,,,,,,,,,slide,1430551059081053.jpg
2025-12-26,278.163,104.97,0.376,0.376,0.0,1589.8,,,,,,slide,1431432825659543.jpg
2025-12-27,277.997,104.9,0.235,0.401,0.0,,,,,,,slide,1432080438928115.jpg
2025-12-29,277.831,104.84,0.311,0.394,0.0,1589.8,,,,,,slide,1433503185452507.jpg
2025-12-30,277.748,104.81,0.293,0.376,0.0,1589.8,,,,,,slide,1434262032043289.jpg
2025-12-31,277.748,104.81,0.376,0.376,0.0,1589.8,,,,,,slide,1435024321967060.jpg
2026-01-01,277.748,104.81,0.376,0.376,0.0,0.0,,,,,,slide,1435911968544962.jpg
2026-01-02,277.582,104.75,0.361,0.527,0.0,0.0,,,,,,slide,1436716698464489.jpg
2026-01-03,277.332,104.65,0.368,0.618,0.0,0.0,,,,,,slide,1437542971715195.jpg
2026-01-04,277.083,104.56,0.377,0.626,0.0,0.0,,,,,,slide,1438205534982272.jpg
2026-01-05,276.833,104.47,0.377,0.626,0.0,0.0,,,,,,slide,1438912271578265.jpg
2026-01-06,276.501,104.34,0.323,0.655,0.0,0.0,,,,,,slide,1439691978166961.jpg
2026-01-07,276.168,104.21,0.328,0.661,0.0,0.0,,,,,,slide,1440579931411499.jpg
2026-01-08,275.836,104.09,0.329,0.661,0.0,0.0,,,,,,slide,1441419114660914.jpg
2026-01-09,275.503,103.96,0.328,0.661,0.0,0.0,,,,,,slide,1442243871245105.jpg
2026-01-10,275.171,103.84,0.329,0.661,0.0,0.0,,,,,,slide,1443178711151621.jpg
2026-01-11,274.755,103.68,0.245,0.661,0.0,0.0,,,,,,slide,1443792481090244.jpg
2026-01-12,274.339,103.52,0.245,0.661,0.0,0.0,,,,,,slide,1444544924348333.jpg
2026-01-13,273.924,103.37,0.245,0.661,0.0,0.0,,,,,,slide,1445350677601091.jpg
2026-01-14,273.425,103.18,0.162,0.661,0.0,0.0,,,,,,slide,1446146727521486.jpg
2026-01-15,273.009,103.02,0.245,0.661,0.0,0.0,,,,,,slide,1446931394109686.jpg
2026-01-16,272.51,102.83,0.232,0.731,0.0,0.0,,,,,,slide,1447863144016511.jpg
2026-01-17,271.928,102.61,0.206,0.788,0.0,0.0,,,,,,slide,1448750380594454.jpg
2026-01-18,271.346,102.39,0.206,0.788,0.0,0.0,,,,,,slide,1449503690519123.jpg
2026-01-19,270.847,102.21,0.264,0.763,0.0,0.0,,,,,,slide,1450294647106694.jpg
2026-01-20,270.349,102.02,0.249,0.747,0.0,0.0,,,,,,slide,1451149397021219.jpg
2026-01-21,269.85,101.83,0.248,0.747,0.0,0.0,,,,,,slide,1451991390270353.jpg
2026-01-22,269.351,101.64,0.273,0.772,0.0,0.0,,,,,,slide,1452895900179902.jpg
2026-01-23,268.852,101.45,0.291,0.79,0.0,0.0,,,,,,slide,1453760073426818.jpg
2026-01-24,268.353,101.27,0.291,0.79,0.0,0.0,,,,,,slide,1454585923344233.jpg
2026-01-25,267.855,101.08,0.291,0.79,0.0,0.0,,,,,,slide,1455504616585697.jpg
2026-01-26,267.356,100.89,0.265,0.764,0.0,0.0,,,,,,slide,1456416846494474.jpg
2026-01-27,266.774,100.67,0.164,0.746,0.0,0.0,,,,,,slide,1457375073065318.jpg
2026-01-28,266.192,100.45,0.164,0.746,0.0,0.0,,,,,,slide,1458287196307439.jpg
2026-01-29,265.61,100.23,0.189,0.771,0.0,0.0,,,,,,slide,1459196996216459.jpg
2026-01-30,264.862,99.95,0.135,0.883,0.0,0.0,,,,,,slide,1460122619457230.jpg
2026-01-31,264.114,99.67,0.213,0.962,0.0,0.0,,,,,,slide,1461076089361883.jpg
2026-02-01,263.365,99.38,0.213,0.962,0.0,0.0,,,,,,slide,1461914989277993.jpg
2026-02-02,262.617,99.1,0.188,0.936,0.0,0.0,,,,,,slide,1462695219199970.jpg
2026-02-03,261.869,98.82,0.171,0.919,0.0,0.0,,,,,,slide,1463527592450066.jpg
2026-02-04,261.121,98.54,0.171,0.919,0.0,0.0,,,,,,slide,1464471555689003.jpg
2026-02-06,260.306,98.23,0.111,0.958,0.0,0.0,,,,,,slide,1466442102158615.jpg
2026-02-07,258.594,97.58,0.098,0.962,0.0,0.0,,,,,,slide,1467441728725319.jpg
2026-02-08,257.745,97.26,0.113,0.962,0.0,0.0,,,,,,slide,1468397991963026.jpg
2026-02-09,256.881,96.94,0.098,0.962,0.0,0.0,,,,,,slide,1469314328538059.jpg
2026-02-10,256.013,96.61,0.093,0.961,0.0,0.0,,,,,,slide,1470249821777843.jpg
2026-02-11,255.152,96.28,0.098,0.959,0.0,0.0,,,,,,slide,1471202778349214.jpg
2026-02-13,253.323,95.59,0.091,1.055,0.0,0.0,,,,,,slide,1473056588163833.jpg
2026-02-14,252.275,95.2,0.086,1.134,0.0,0.0,,,,,,slide,1474007128068779.jpg
2026-02-15,251.228,94.8,0.087,1.134,0.0,0.0,,,,,,slide,1474958524640306.jpg
2026-02-16,250.147,94.4,0.053,1.134,0.0,0.0,,,,,,slide,1475848941217931.jpg
2026-02-17,249.066,93.99,0.052,1.133,0.0,0.0,,,,,,slide,1476759394460219.jpg
2026-02-18,248.235,93.67,0.06,0.891,0.0,0.0,,,,,,slide,1477654857704006.jpg
2026-02-20,246.589,93.05,0.048,1.029,0.0,0.0,,,,,,slide,1479473654188793.jpg
2026-02-21,245.508,92.64,0.052,1.133,0.0,0.0,,,,,,slide,1480418580760967.jpg
2026-02-22,244.428,92.24,0.053,1.133,1.0,1.0,,,,,,slide,1481303174005841.jpg
2026-02-23,243.347,91.83,0.052,1.133,0.0,1.0,,,,,,slide,1482230980579727.jpg
2026-02-24,242.266,91.42,0.052,1.133,0.0,1.0,,,,,,slide,1483078130495012.jpg
2026-02-25,241.435,91.11,0.06,0.891,0.0,1.0,,,,,,slide,1484073257062166.jpg
2026-02-27,239.838,90.5,0.053,0.985,0.0,1.0,,,,,,slide,1485942003541958.jpg
2026-02-28,238.766,90.1,0.06,1.132,0.0,1.0,,,,,,slide,1486877783448380.jpg
2026-03-01,237.702,89.7,0.068,1.132,0.0,1.0,,,,,,slide,1487744926694999.jpg
2026-03-02,236.649,89.3,0.079,1.132,0.0,1.0,,,,,,slide,1488647169938108.jpg
2026-03-03,235.596,88.9,0.079,1.132,0.0,1.0,,,,,,slide,1489599673176191.jpg
2026-03-04,234.811,88.61,0.105,0.89,0.0,1.0,,,,,,slide,1490396253096533.jpg
2026-03-05,234.202,88.38,0.108,0.717,0.0,1.0,,,,,,slide,1491300796339412.jpg
2026-03-06,233.353,88.06,0.11,0.959,0.0,1.0,,,,,,slide,1492057092930449.jpg
2026-03-07,232.402,87.7,0.181,1.132,0.0,1.0,,,,,,slide,1493003216169170.jpg
2026-03-08,231.514,87.36,0.244,1.132,0.0,1.0,,,,,,slide,1493694929433332.jpg
2026-03-09,230.627,87.03,0.245,1.132,0.0,1.0,,,,,,slide,1494511666018325.jpg
2026-03-10,229.739,86.69,0.244,1.132,0.0,1.0,,,,,,slide,1495327039270121.jpg
2026-03-11,229.105,86.45,0.256,0.89,0.0,1.0,,,,,,slide,1496141275855364.jpg
2026-03-12,228.725,86.31,0.337,0.717,12.0,13.0,,,,,,slide,1497009069101918.jpg
2026-03-13,228.345,86.17,0.553,0.933,10.2,23.2,,,,,,slide,1497906275678864.jpg
2026-03-14,227.711,85.93,0.454,1.088,3.0,26.2,,,,,,slide,1498826578920167.jpg
2026-03-15,227.077,85.69,0.454,1.088,0.0,26.2,,,,,,slide,1499624925506999.jpg
2026-03-16,226.443,85.45,0.454,1.088,0.0,26.2,,,,,,slide,1500531598749665.jpg
2026-03-17,225.682,85.16,0.327,1.088,0.0,26.2,,,,,,slide,1501436341992524.jpg
2026-03-18,225.049,84.92,0.238,0.871,0.0,26.2,,,,,,slide,1502345271901631.jpg
2026-03-19,224.478,84.71,0.145,0.716,0.0,26.2,,,,,,slide,1503128008490024.jpg
2026-03-20,223.591,84.37,0.124,1.011,0.0,26.2,,,,,,slide,1504079171728241.jpg
2026-03-21,222.45,83.94,0.098,1.235,0.0,26.2,,,,,,slide,1505193268283498.jpg
2026-03-22,221.27,83.5,0.054,1.234,0.0,26.2,,,,,,slide,1506153141520844.jpg
2026-03-23,220.091,83.05,0.055,1.234,0.0,26.2,,,,,,slide,1507040691432089.jpg
2026-03-24,218.912,82.61,0.055,1.234,0.0,26.2,,,,,,slide,1507974328005392.jpg
2026-03-25,217.932,82.24,0.053,1.033,0.0,26.2,,,,,,slide,1508912901244868.jpg
2026-03-26,217.099,81.92,0.055,0.888,0.0,26.2,,,,,,slide,1509935651142593.jpg
2026-03-27,216.047,81.53,0.053,1.105,0.0,26.2,,,,,,slide,1510969594372532.jpg
2026-03-28,214.843,81.07,0.056,1.26,0.0,26.2,,,,,,slide,1511881957614629.jpg
2026-03-29,213.638,80.62,0.055,1.26,0.0,26.2,,,,,,slide,1512770880859070.jpg
2026-03-30,212.434,80.16,0.056,1.26,0.0,26.2,,,,,,slide,1513624914107000.jpg
2026-03-31,211.23,79.71,0.056,1.26,0.0,26.2,,,,,,slide,1514431967359628.jpg
2026-04-01,210.24,79.34,0.053,1.043,0.0,26.2,,,,,,slide,1515318040604354.jpg
2026-04-02,209.404,79.02,0.052,0.888,0.0,26.2,,,,,,slide,1516273097175515.jpg
2026-04-03,208.339,78.62,0.047,1.112,0.0,26.2,,,,,,slide,1517181137084711.jpg
2026-04-04,206.995,78.11,0.049,1.393,0.0,26.2,,,,,,slide,1518100746992750.jpg
2026-04-05,205.588,77.58,0.051,1.458,0.0,26.2,,,,,,slide,1518947246908100.jpg
2026-04-06,204.181,77.05,0.051,1.458,0.0,26.2,,,,,,slide,1519744913495000.jpg
2026-04-07,202.773,76.52,0.049,1.457,0.0,26.2,,,,,,slide,1520586316744193.jpg
2026-04-08,201.569,76.06,0.047,1.251,16.2,39.4,,,,,,slide,1521454986657326.jpg
2026-04-09,200.517,75.67,0.051,1.103,0.0,42.4,,,,,,slide,1522265703242921.jpg
2026-04-10,199.274,75.2,0.052,1.295,0.0,42.4,,,,,,slide,1523093136493511.jpg
2026-04-11,197.893,74.68,0.05,1.431,0.0,42.4,,,,,,slide,1523963646406460.jpg
2026-04-12,196.485,74.15,0.048,1.456,0.0,42.4,,,,,,slide,1524823399653818.jpg
2026-04-13,195.04,73.6,0.042,1.487,0.0,42.4,,,,,,slide,1525579506244874.jpg
2026-04-14,193.582,73.05,0.051,1.509,0.0,42.4,,,,,,slide,1526461986156626.jpg
2026-04-15,192.124,72.5,0.05,1.508,0.0,42.4,,,,,,slide,1527347652734726.jpg
2026-04-16,190.666,71.95,0.05,1.508,0.0,42.4,,,,,,slide,1528229932646498.jpg
2026-04-17,189.259,71.42,0.052,1.459,0.0,42.4,,,,,,slide,1529166155886209.jpg
2026-04-18,187.851,70.89,0.048,1.456,0.0,42.4,,,,,,slide,1530063452463146.jpg
2026-04-19,186.444,70.36,0.049,1.456,0.0,42.4,,,,,,slide,1530875415715283.jpg
2026-04-20,185.037,69.83,0.049,1.456,0.0,42.4,,,,,,slide,1531691615633663.jpg
2026-04-21,183.629,69.29,0.048,1.456,0.0,42.4,,,,,,slide,1532549342214557.jpg
2026-04-22,182.299,68.79,0.045,1.375,,42.4,,,,,,slide,1533573798778778.jpg
2026-04-23,181.03,68.31,0.048,1.317,0.0,42.4,,,,,,slide,1534454275357397.jpg
2026-04-24,179.725,67.82,0.053,1.358,0.0,42.4,,,,,,slide,1535382881931203.jpg
2026-04-25,178.38,67.31,0.041,1.386,0.0,42.4,,,,,,slide,1536392081830283.jpg
2026-04-27,175.564,66.25,0.045,1.455,0.0,42.6,,,,,,slide,1538195248316633.jpg
2026-04-28,174.151,65.72,0.042,1.455,0.0,42.6,,,,,,slide,1539176421551849.jpg
2026-04-29,173.009,65.29,0.045,1.187,,42.6,,,,,,slide,1540058348130323.jpg
2026-04-30,172.087,64.94,0.049,0.971,0.0,42.6,,,,,,slide,1540976974705127.jpg
2026-05-01,171.166,64.59,0.05,0.971,2.4,45.0,,,,,,slide,1541898567946301.jpg
2026-05-02,170.244,64.24,0.049,0.971,0.0,45.0,,,,,,slide,1542835141185977.jpg
2026-05-03,169.322,63.9,0.049,0.971,0.0,45.0,,,,,,slide,1543640857772072.jpg
2026-05-04,168.401,63.55,0.05,0.971,0.0,45.0,,,,,,slide,1544619397674218.jpg
2026-05-05,167.499,63.21,0.069,0.971,8.4,53.4,,,,,,slide,1545611184241706.jpg
2026-05-06,166.748,62.92,0.068,0.819,,60.4,,,,,,slide,1546511814151643.jpg
2026-05-08,165.295,62.38,0.06,0.862,22.6,86.0,,,,,,slide,1548275847308573.jpg
2026-05-09,164.394,62.04,0.069,0.97,4.8,90.8,,,,,,slide,1549176953885129.jpg
2026-05-10,163.542,61.71,0.118,0.97,16.2,107.0,,,,,,slide,1550058293796995.jpg
2026-05-11,163.041,61.52,0.278,0.779,36.6,143.6,,,,,,slide,1551005610368930.jpg
2026-05-12,162.791,61.43,0.159,0.409,6.4,150.0,,,,,,slide,1551880426948115.jpg
2026-05-13,162.691,61.39,0.215,0.315,13.8,163.8,,,,,,slide,1552791226857035.jpg
2026-05-14,162.54,61.34,0.128,0.279,2.4,166.2,,,,,,slide,1553732080096283.jpg
2026-05-15,162.59,61.35,0.329,0.279,8.4,174.6,,,,,,slide,1554647286671429.jpg
2026-05-16,163.342,61.64,1.031,0.279,15.0,189.6,,,,,,slide,1555593339910157.jpg
2026-05-17,164.043,61.9,0.98,0.279,0.0,189.6,,,,,,slide,1556499726486185.jpg
2026-05-18,164.944,62.24,1.18,0.279,5.6,195.2,,,,,,slide,1557383149731176.jpg
2026-05-19,166.748,62.92,2.083,0.279,0.0,195.2,,,,,,slide,1558310252971799.jpg
2026-05-20,167.048,63.04,0.731,0.431,,195.2,,,,,,slide,1559286859540805.jpg
2026-05-21,166.848,62.96,0.339,0.539,0.0,195.2,,,,,,slide,1560185172784307.jpg
2026-05-22,166.648,62.89,0.288,0.488,0.0,195.2,,,,,,slide,1561086022694222.jpg
2026-05-24,167.349,63.15,0.68,0.279,0.4,213.0,,,,,,slide,1562931572509667.jpg
2026-05-25,167.649,63.26,0.579,0.279,2.6,215.6,,,,,,slide,1563753199094171.jpg
2026-05-26,168.05,63.42,0.681,0.28,23.8,239.4,,,,,,slide,1564673085668849.jpg
2026-05-27,168.05,63.42,0.431,0.431,0.0,239.4,,,,,,slide,1565675615568596.jpg
2026-05-28,168.15,63.45,0.488,0.388,5.8,245.2,,,,,,slide,1566662902136534.jpg
2026-05-29,169.453,63.94,1.727,0.424,65.0,310.2,,,,,,slide,1567652982037526.jpg
2026-05-30,170.855,64.47,1.855,0.453,3.6,313.8,,,,,,slide,1568656305270527.jpg
2026-05-31,171.256,64.62,0.854,0.453,12.8,326.6,,,,,,slide,1569590458510445.jpg
2026-06-01,171.356,64.66,0.553,0.453,0.0,326.6,,,,,,slide,1570555981747226.jpg
2026-06-02,171.556,64.74,0.653,0.453,0.0,326.6,,,,,,slide,1571548584981299.jpg
2026-06-03,171.556,64.74,0.352,0.352,,326.6,,,,,,slide,1572599681542856.jpg
2026-06-04,171.456,64.7,0.23,0.33,0.6,327.2,,,,,,slide,1573637301439094.jpg
2026-06-05,171.156,64.59,0.145,0.445,0.0,327.2,,,,,,slide,1574590421343782.jpg
2026-06-06,172.057,64.93,1.048,0.147,18.4,345.6,,,,,,slide,1575662191236605.jpg
2026-06-08,173.861,65.61,0.823,0.021,2.8,362.2,,,,,,slide,1577493311053493.jpg
2026-06-10,176.165,66.48,1.625,0.122,20.8,388.2,,,,,,slide,1579439180858906.jpg
2026-06-11,177.633,67.03,1.666,0.198,13.8,402.0,,,,,,slide,1580442087425282.jpg
2026-06-12,178.393,67.32,0.904,0.144,3.8,405.8,,,,,,slide,1581436380659186.jpg
2026-06-13,178.901,67.51,0.616,0.108,0.4,406.2,,,,,,slide,1582408077228683.jpg
2026-06-15,180.549,68.13,0.742,0.108,1.4,432.4,,,,,,slide,1584257293710428.jpg
2026-06-16,181.183,68.37,0.781,0.147,5.4,437.8,,,,,,slide,1585260510276773.jpg
2026-06-17,181.817,68.61,0.785,0.151,0.0,437.8,,,,,,slide,1586207790182045.jpg
2026-06-18,182.45,68.85,0.979,0.346,12.0,449.8,,,,,,slide,1587194290083395.jpg
2026-06-19,182.958,69.04,1.045,0.537,5.0,454.8,,,,,,slide,1588150346654456.jpg
2026-06-20,183.338,69.18,0.917,0.537,3.2,458.0,,,,,,slide,1589088083227349.jpg
2026-06-22,183.718,69.33,0.52,0.393,14.0,472.6,,,,,,slide,1590906929712131.jpg
2026-06-23,183.845,69.38,0.52,0.393,0.0,472.6,,,,,,slide,1591879929614831.jpg
2026-06-24,183.972,69.42,0.52,0.393,1.8,474.4,,,,,,slide,1592849216184569.jpg
2026-06-25,183.845,69.38,0.266,0.393,0.0,474.4,,,,,,slide,1593783436091147.jpg
2026-06-26,183.718,69.33,0.281,0.408,0.8,475.2,,,,,,slide,1594775065991984.jpg
2026-06-27,183.591,69.28,0.292,0.419,0.2,475.4,,,,,,slide,1595790595890431.jpg
2026-06-29,183.338,69.18,0.292,0.419,0.0,475.4,,,,,,slide,1597642485705242.jpg
2026-06-30,183.084,69.09,0.165,0.419,0.0,475.4,,,,,,slide,1598625172273640.jpg
2026-07-01,182.958,69.04,0.293,0.419,7.4,482.8,,,,,,slide,1599652505504240.jpg
2026-07-03,183.465,69.23,0.8,0.419,41.2,545.0,,,,,,slide,1601635055305985.jpg
2026-07-04,185.366,69.95,2.271,0.37,5.0,550.0,,,,,,slide,1602657955203695.jpg
2026-07-05,186.888,70.52,1.872,0.35,2.0,552.0,,,,,,slide,1603647041771453.jpg
2026-07-06,187.395,70.72,0.857,0.35,0.2,552.2,,,,,,slide,1604590718343752.jpg
2026-07-07,187.775,70.86,0.766,0.386,2.6,554.8,,,,,,slide,1605590168243807.jpg
2026-07-08,187.902,70.91,0.521,0.394,1.4,556.2,,,,,,slide,1606582011477956.jpg
2026-07-08,188.663,71.19,1.089,0.328,17.6,573.8,,,,,,slide,1607544744715016.jpg
2026-07-10,189.423,71.48,1.082,0.322,10.6,584.4,,,,,,slide,1608426124626878.jpg
2026-07-11,193.48,73.01,4.683,0.626,38.0,622.4,,,,,,slide,1609336804535810.jpg
2026-07-12,196.143,74.02,3.591,0.928,0.0,622.4,,,,,,slide,1610189377783886.jpg
2026-07-13,196.523,74.16,1.478,1.098,0.0,622.4,,,,,,slide,1611043957698428.jpg
2026-07-14,197.157,74.4,1.745,1.111,4.8,627.2,,,,,,slide,1611927830943374.jpg
2026-07-15,196.903,74.3,1.203,1.457,0.4,627.6,,,,,,slide,1612857470850410.jpg
2026-07-17,194.748,73.49,0.448,1.716,0.2,627.8,,,,,,slide,1614690534000437.jpg
2026-07-18,193.48,73.01,0.448,1.716,1.2,629.0,,,,,,slide,1615650573904433.jpg
2026-07-19,192.339,72.58,0.575,1.716,2.4,631.4,,,,,,slide,1616534723816018.jpg
2026-07-20,191.325,72.2,0.656,1.67,0.2,631.6,,,,,,slide,1617314953737995.jpg
2026-07-21,190.438,71.86,0.764,1.651,1.2,632.8,,,,,,slide,1618217970314360.jpg
2026-07-22,189.804,71.62,1.013,1.647,12.0,644.8,,,,,,slide,1619153816887442.jpg
2026-07-23,189.17,71.38,0.946,1.58,5.0,649.8,,,,,,slide,1620098956792928.jpg
2026-07-24,188.663,71.19,1.171,1.678,0.0,649.8,,,,,,slide,1620983410037816.jpg
2026-07-25,189.804,71.62,2.515,1.374,1.4,651.2,,,,,,slide,1621970066605817.jpg
2026-07-26,190.691,71.96,2.186,1.299,10.4,661.6,,,,,,slide,1622839643185526.jpg
2026-07-27,192.846,72.77,3.456,1.301,1.0,662.6,,,,,,slide,1623739146428909.jpg
2026-07-28,194.241,73.3,2.916,1.521,0.0,662.6,,,,,,slide,1624809676321856.jpg
2026-07-29,193.987,73.2,1.302,1.556,0.0,662.6,,,,,,slide,1625760892893401.jpg
2026-07-31,195.382,73.73,3.535,1.633,11.2,677.0,,,,,,slide,1627745439361613.jpg
2026-08-01,200.326,75.59,7.056,2.112,65.2,742.2,,,,,,slide,1628743825928441.jpg
2026-08-02,204.13,77.03,5.97,2.166,1.8,744.0,,,,,,slide,1629612185841605.jpg
2026-08-03,206.412,77.89,4.448,2.166,1.8,745.8,,,,,,slide,1630537405749083.jpg
2026-08-04,209.708,79.14,5.462,2.166,49.2,795.0,,,,,,slide,1631524892317001.jpg
2026-08-05,209.581,79.09,2.795,2.922,4.2,799.2,,,,,,slide,1632486478887509.jpg
2026-08-06,208.44,78.66,1.782,2.923,11.6,810.8,,,,,,slide,1633510722118418.jpg
2026-08-07,206.665,77.99,1.255,3.03,0.0,810.8,,,,,,slide,1634500438686113.jpg
2026-08-08,205.398,77.51,1.763,3.03,14.6,825.4,,,,,,slide,1635511065251717.jpg
2026-08-09,210.215,79.33,7.848,3.031,33.6,859.0,,,,,,slide,1636423555160468.jpg
2026-08-10,215.413,81.29,8.229,3.031,13.4,872.4,,,,,,slide,1637312548404902.jpg
2026-08-11,219.851,82.96,7.429,2.991,28.6,901.0,,,,,,slide,1638226328313524.jpg
2026-08-12,222.133,83.82,5.651,3.369,4.6,905.6,,,,,,slide,1639218484880975.jpg
2026-08-13,222.006,83.78,3.44,3.567,1.4,907.0,,,,,,slide,1640226868113470.jpg
2026-08-14,220.484,83.2,2.045,3.567,4.8,911.8,,,,,,slide,1641240278012129.jpg
2026-08-15,218.456,82.44,1.539,3.567,0.0,911.8,,,,,,slide,1642281721241318.jpg
2026-08-16,216.047,81.53,1.158,3.567,0.0,911.8,,,,,,slide,1643322881137202.jpg
2026-08-17,213.638,80.62,1.221,3.63,0.0,911.8,,,,,,slide,1644216151047875.jpg
2026-08-18,210.849,79.57,0.847,3.636,2.0,913.8,,,,,,slide,1645210790948411.jpg
2026-08-19,207.933,78.47,0.719,3.635,0.0,913.8,,,,,,slide,1646175640851926.jpg
2026-08-20,208.06,78.51,2.952,2.825,20.2,934.0,,,,,,slide,1647183350751155.jpg
2026-08-21,208.947,78.85,3.186,2.299,4.2,938.2,,,,,,slide,1648153130654177.jpg
2026-08-22,209.328,78.99,2.323,1.942,0.2,938.4,,,,,,slide,1649143670555123.jpg
2026-08-23,208.947,78.85,1.284,1.665,0.4,938.8,,,,,,slide,1650060447130112.jpg
2026-08-24,208.694,78.75,1.062,1.315,0.0,938.8,,,,,,slide,1650995800369910.jpg
2026-08-25,208.694,78.75,1.069,1.069,0.0,938.8,,,,,,slide,1651966296939527.jpg
2026-08-26,208.821,78.8,0.756,0.629,0.0,938.8,,,,,,slide,1653021290167361.jpg
2026-08-27,209.328,78.99,0.963,0.456,0.0,938.8,,,,,,slide,1654060806730076.jpg
2026-08-28,210.088,79.28,1.458,0.698,32.2,971.0,,,,,,slide,1655012213301602.jpg
2026-08-29,209.708,79.14,0.832,1.212,0.0,971.0,,,,,,slide,1656032476532909.jpg
2026-08-30,209.074,78.9,0.668,1.302,2.8,973.8,,,,,,slide,1657091823093641.jpg
2026-08-31,208.947,78.85,1.175,1.302,20.4,994.2,,,,,,slide,1658040689665421.jpg
2026-09-01,208.821,78.8,1.028,1.154,4.6,998.8,,,,,,slide,1658989082903915.jpg
2026-09-02,209.201,78.94,0.965,0.585,,998.8,,,,,,slide,1660061552796668.jpg
2026-09-03,210.215,79.33,1.384,0.37,14.2,1013.0,,,,,,slide,1661034206032736.jpg
2026-09-04,211.863,79.95,2.26,0.612,2.0,1015.0,,,,,,slide,1662031172599706.jpg
2026-09-05,215.413,81.29,4.018,0.468,32.6,1047.6,,,,,,slide,1663064232496400.jpg
2026-09-06,218.836,82.58,3.862,0.439,0.0,1047.6,,,,,,slide,1664040492398774.jpg
2026-09-07,220.611,83.25,2.215,0.44,0.0,1047.6,,,,,,slide,1664972572305566.jpg
2026-09-08,221.625,83.63,1.453,0.439,0.6,1048.2,,,,,,slide,1665930145543142.jpg
2026-09-09,222.386,83.92,1.189,0.428,,1059.2,,,,,,slide,1666936145442542.jpg
2026-09-10,223.654,84.4,1.638,0.37,14.2,1073.4,,,,,,slide,1667983728671117.jpg
2026-09-11,225.682,85.16,2.388,0.36,36.0,1109.4,,,,,,slide,1669031051899718.jpg
2026-09-12,227.711,85.93,2.357,0.328,7.0,1116.4,,,,,,slide,1670034221799401.jpg
2026-09-13,229.105,86.45,1.722,0.328,0.0,1116.4,,,,,,slide,1670983638371126.jpg
2026-09-14,229.866,86.74,1.147,0.386,,1116.4,,,,,,slide,1671897004946456.jpg
2026-09-15,230.5,86.98,1.031,0.397,0.0,1116.4,,,,,,slide,1672933888176101.jpg
2026-09-16,230.88,87.12,0.777,0.397,,1117.2,,,,,,slide,1673961478073342.jpg
2026-09-17,231.641,87.41,1.132,0.371,5.0,1122.2,,,,,,slide,1674931024643054.jpg
2026-09-18,232.275,87.65,1.02,0.386,7.2,1129.4,,,,,,slide,1675943711208452.jpg
2026-09-19,233.796,88.22,1.893,0.372,27.6,1157.0,,,,,,slide,1676944244441732.jpg
2026-09-20,234.937,88.66,1.462,0.321,8.8,1165.8,,,,,,slide,1677902544345902.jpg
2026-09-21,237.093,89.47,2.441,0.285,45.8,1211.6,,,,,,slide,1678877654248391.jpg
2026-09-22,239.248,90.28,2.441,0.286,0.0,1211.6,,,,,,slide,1679899797479510.jpg
2026-09-23,241.085,90.98,2.188,0.351,,1211.6,,,,,,slide,1680980040704819.jpg
2026-09-24,241.917,91.29,1.204,0.372,0.0,1211.6,,,,,,slide,1682004210602402.jpg
2026-09-25,242.582,91.54,1.082,0.417,10.6,1222.2,,,,,,slide,1683140853822071.jpg
2026-09-26,243.413,91.85,1.255,0.424,10.6,1232.8,,,,,,slide,1684328203703336.jpg
2026-09-27,244.577,92.29,1.588,0.424,0.2,1233.0,,,,,,slide,1685379233598233.jpg
2026-09-28,245.242,92.54,1.09,0.425,,1233.0,,,,,,slide,1686428520159971.jpg
2026-09-28,245.242,92.54,1.09,0.425,0.0,1233.0,,,,,,slide,1686810623455094.jpg
2026-09-29,245.574,92.67,0.84,0.508,15.0,1248.0,,,,,,slide,1687556873380469.jpg
2026-09-30,246.24,92.92,1.075,0.409,9.2,1257.2,,,,,,slide,1688724909930332.jpg
2026-10-01,246.738,93.11,0.871,0.373,0.4,1257.6,,,,,,slide,1689887253147431.jpg
2026-10-02,247.071,93.23,0.751,0.418,0.0,1257.6,,,,,,slide,1691047969698026.jpg
2026-10-03,247.403,93.36,0.757,0.425,0.0,1257.6,,,,,,slide,1692312266238263.jpg
2026-10-04,247.736,93.49,0.758,0.425,1.0,1258.6,,,,,,slide,1693339572802199.jpg
2026-10-05,248.068,93.61,0.757,0.425,6.4,1265.0,,,,,,slide,1694360972700059.jpg
2026-10-05,248.068,93.61,0.757,0.425,6.4,1265.0,,,,,,slide,1694648772671279.jpg
2026-10-06,249.565,94.18,1.812,0.315,15.4,1280.4,,,,,,slide,1695466945922795.jpg
2026-10-07,250.396,94.49,1.161,0.33,0.0,1280.4,,,,,,slide,1696546242481532.jpg
2026-10-08,251.228,94.8,1.205,0.373,0.0,1280.4,,,,,,slide,1697665379036285.jpg
2026-10-09,251.56,94.93,0.75,0.418,0.0,1280.4,,,,,,slide,1698798202256336.jpg
